suburb,postcode,lga,latitude,longitude,irsd_score,irsd_decile,ier_score,ier_decile,ieo_score,ieo_decile,medianPrice,growth1yr,crimeRate,schoolRating,schoolCount,primarySchools,secondarySchools,primaryCommuteMinutes,secondaryCommuteMinutes,rentalYield,transitScore,walkScore,parksDensity,childcareCenters,shoppingCenters,cafesRestaurants,medicalCenters,bikeScore,category
Abbotsford,3067,Yarra,-37.8021095,145.0019064,1077,9,951,3,1163,10,1250000,-7,538.29,60.0,0,0,0,0,0,4,76,85,3,3,2,10,2,50,INNER METRO
Albanvale,3021,,-37.7459531,144.7700614,961,3,1006,6,971,5,0,0.0,100.0,60.0,0,0,0,0,0,4,36,41,3,3,2,10,2,50,OUTER GROWTH
Albert Park,3206,Port Phillip,-37.8460268,144.9584302,1084,9,996,5,1160,10,2300000,7.68,519.82,60.0,0,0,0,0,0,4,66,87,3,3,2,10,2,50,BAYSIDE
Albion,3020,Brimbank,-37.7756888,144.8154041,1078,9,967,4,1113,9,765000,-8,344.52,60.0,0,0,0,0,0,4,47,34,3,3,2,10,2,50,OUTER GROWTH
Altona,3018,Hobsons Bay,-37.8645245,144.8309509,1040,7,1007,6,1054,8,1135000,-4,274.49,60.0,0,0,0,0,0,4,53,82,3,3,2,10,2,50,BAYSIDE
Altona Meadows,3028,Hobsons Bay,-37.8715626,144.7775818,983,4,978,4,968,5,690000,-7,274.49,60.0,0,0,0,0,0,4,48,74,3,3,2,10,2,50,OUTER GROWTH
Altona North,3025,Hobsons Bay,-37.8388686,144.8346241,968,3,963,3,1011,6,880500,-7,274.49,60.0,0,0,0,0,0,4,41,6,3,3,2,10,2,50,INNER METRO
Ardeer,3022,Brimbank,-37.7776716,144.7988921,903,2,894,1,970,5,628500,-8,100.0,60.0,0,0,0,0,0,4,47,22,3,3,2,10,2,50,OUTER GROWTH
Arthurs Seat,3936,Mornington Peninsula,-38.3542356,144.9556145,997,5,989,5,962,5,1450000,-2.5,187.39,60.0,0,0,0,67,21,4,50,10,3,3,2,10,2,50,BAYSIDE
Ascot Vale,3032,Moonee Valley,-37.7745085,144.9278026,1015,6,981,4,1093,9,1300500,-2,316.22,60.0,0,0,0,0,0,4,72,90,3,3,2,10,2,50,INNER METRO
Aspendale,3195,Kingston,-38.0196821,145.0988172,1080,9,1108,10,1054,8,1272500,-5.04,253.59,91.0,2,1,1,46,60,4,41,49,3,3,2,10,2,50,BAYSIDE
Aspendale Gardens,3195,Kingston,-38.0231393,145.1178025,1080,9,1108,10,1054,8,1230000,8.01,253.59,91.0,2,1,1,41,55,4,34,46,3,3,2,10,2,50,OUTER GROWTH
Attwood,3049,Hume,-37.6697809,144.8855923,997,5,1031,7,973,5,950000,-4,100.0,60.0,0,0,0,0,0,4,36,34,3,3,2,10,2,50,OUTER GROWTH
Avondale Heights,3034,Moonee Valley,-37.7628247,144.8648709,1008,5,1016,6,1003,6,936000,-5,316.22,60.0,0,0,0,0,0,4,45,59,3,3,2,10,2,50,INNER METRO
Badger Creek,3777,Yarra Ranges,-37.6812591,145.5321371,1054,7,1060,9,1049,7,732500,2,100.0,60.0,0,0,0,0,0,4,50,15,3,3,2,10,2,50,HILLS & RANGES
Balwyn,3103,Boroondara,-37.8128937,145.0813238,1064,8,1040,8,1142,10,2905000,-1.66,241.83,60.0,0,0,0,15,83,4,55,93,3,3,2,10,2,50,INNER METRO
Balwyn North,3104,Boroondara,-37.7941151,145.0879338,1075,9,1078,9,1127,9,2302500,-2.77,241.83,60.0,0,0,0,11,79,4,54,66,3,3,2,10,2,50,INNER METRO
Bangholme,3175,Greater Dandenong,-38.0453436,145.1702424,1045,7,1026,7,1027,7,850000,3.2,410.21,89.0,8,5,2,38,53,4,0,0,3,3,2,10,2,50,OUTER GROWTH
Bayswater,3153,Knox,-37.8426014,145.2704817,1004,5,985,4,998,6,887000,4.05,243.52,60.0,0,0,0,23,73,4,48,74,3,3,2,10,2,50,HILLS & RANGES
Bayswater North,3153,Knox,-37.8259876,145.2874972,1029,6,1032,7,991,6,901000,3.56,243.52,60.0,0,0,0,24,76,4,38,41,3,3,2,10,2,50,HILLS & RANGES
Beaconsfield,3807,Cardinia,-38.0478022,145.3699169,1082,9,983,4,1144,10,982500,-2.72,186.09,60.0,0,0,0,50,75,4,61,76,3,3,2,10,2,50,HILLS & RANGES
Beaconsfield Upper,3808,Cardinia,-38.0048693,145.4094742,1065,8,1035,7,1064,8,1302500,-22.12,115.14,60.0,0,0,0,54,79,4,50,31,3,3,2,10,2,50,HILLS & RANGES
Beaumaris,3193,Bayside,-37.9825379,145.0418067,1108,10,1107,10,1129,10,2080000,4.0,243.49,60.0,0,0,0,52,67,4,38,67,3,3,2,10,2,50,BAYSIDE
Belgrave,3160,Yarra Ranges,-37.9112468,145.3571402,1072,9,1086,9,1057,8,799000,-6.14,131.08,60.0,0,0,0,39,79,4,48,66,3,3,2,10,2,50,HILLS & RANGES
Belgrave Heights,3160,Yarra Ranges,-37.9244173,145.3479199,1071,9,1075,9,1054,8,988000,5.47,131.08,60.0,0,0,0,41,77,4,23,37,3,3,2,10,2,50,HILLS & RANGES
Belgrave South,3160,Yarra Ranges,-37.930598,145.3595275,1072,9,1080,9,1056,8,960250,6.98,0.0,60.0,0,0,0,42,75,4,23,44,3,3,2,10,2,50,HILLS & RANGES
Bellfield,3081,Banyule,-37.7534944,145.0394197,791,1,902,1,886,1,944000,-2,252.91,60.0,0,0,0,0,0,4,50,75,3,3,2,10,2,50,INNER METRO
Bentleigh,3204,Glen Eira,-37.9188435,145.0417166,1069,9,1042,8,1115,9,1690000,-2,221.37,60.0,0,0,0,0,0,4,53,94,3,3,2,10,2,50,OUTER GROWTH
Bentleigh East,3165,Glen Eira,-37.9174873,145.0658766,1067,9,1051,8,1097,9,1430000,-4,221.37,60.0,0,0,0,0,0,4,47,60,3,3,2,10,2,50,OUTER GROWTH
Berwick,3806,Casey,-38.0264207,145.3475331,1057,8,1053,8,1025,7,880000,1.15,227.98,92.6,11,5,4,47,71,4,41,77,3,3,2,10,2,50,HILLS & RANGES
Beveridge,3753,Mitchell,-37.4822825,144.9832134,986,4,1028,7,965,4,650000,0.0,100.0,60.0,0,0,0,0,0,4,50,0,3,3,2,10,2,50,OUTER GROWTH
Big Pats Creek,3799,Yarra Ranges,-37.7645012,145.7510159,1062,8,1069,9,1059,7,0,0.0,100.0,60.0,0,0,0,0,0,4,50,0,3,3,2,10,2,50,HILLS & RANGES
Bittern,3918,Mornington Peninsula,-38.3388408,145.1761518,1042,7,1042,8,1013,6,850000,2,100.0,60.0,0,0,0,0,0,4,27,36,3,3,2,10,2,50,OUTER GROWTH
Black Rock,3193,Bayside,-37.9809272,145.0328017,1094,10,1068,9,1136,10,2280000,-6.94,243.49,60.0,0,0,0,54,70,4,36,78,3,3,2,10,2,50,BAYSIDE
Blackburn,3130,Whitehorse,-37.8197129,145.1530529,1069,9,1040,8,1105,9,1618000,3.65,235.08,60.0,0,0,0,13,77,4,64,90,3,3,2,10,2,50,OUTER GROWTH
Blackburn North,3130,Whitehorse,-37.8064051,145.1586444,1056,8,1042,8,1089,8,1320000,3.13,235.08,60.0,0,0,0,9,74,4,52,47,3,3,2,10,2,50,OUTER GROWTH
Blackburn South,3130,Whitehorse,-37.8388667,145.151231,1054,8,1024,7,1092,9,1395000,2.57,235.08,60.0,0,0,0,17,76,4,41,58,3,3,2,10,2,50,OUTER GROWTH
Blairgowrie,3942,Mornington Peninsula,-38.3687875,144.7712835,1023,6,1024,6,994,6,1375000,-8.33,187.39,60.0,0,0,0,80,7,4,26,16,3,3,2,10,2,50,OUTER GROWTH
Blind Bight,3980,Casey,-38.2156242,145.3406393,996,6,1032,7,1010,6,806000,14,100.0,60.0,0,0,0,0,0,4,50,7,3,3,2,10,2,50,HILLS & RANGES
Bonbeach,3196,Kingston,-38.0604328,145.1260029,1043,7,999,5,1047,8,1042500,-6.92,253.59,92.0,6,5,1,47,56,4,45,47,3,3,2,10,2,50,BAYSIDE
Boronia,3155,Knox,-37.8610682,145.2867055,1015,6,992,5,998,6,851000,0.12,243.52,60.0,0,0,0,27,76,4,50,92,3,3,2,10,2,50,HILLS & RANGES
Botanic Ridge,3977,Casey,-38.1395065,145.2548626,988,5,1035,7,951,4,870000,-4.13,0.0,90.0,21,14,5,53,52,4,24,3,3,3,2,10,2,50,HILLS & RANGES
Box Hill,3128,Whitehorse,-37.8181073,145.1238563,991,4,928,2,1096,9,1700000,-0.29,235.08,60.0,0,0,0,12,79,4,79,96,3,3,2,10,2,50,OUTER GROWTH
Box Hill North,3129,Whitehorse,-37.8017621,145.1268438,1041,7,1016,6,1106,9,1357000,-2.3,235.08,60.0,0,0,0,8,74,4,52,60,3,3,2,10,2,50,OUTER GROWTH
Box Hill South,3128,Whitehorse,-37.8385248,145.120253,1011,5,954,4,1115,9,1467500,-2.17,235.08,60.0,0,0,0,16,76,4,58,59,3,3,2,10,2,50,OUTER GROWTH
Brighton,3186,Bayside,-37.9044002,144.9997396,1005,5,984,4,1037,7,3350000,-0.65,243.49,60.0,0,0,0,0,0,4,59,93,3,3,2,10,2,50,BAYSIDE
Brighton East,3187,Bayside,-37.9179439,145.0190242,1090,10,1093,10,1138,10,2176500,-9.69,243.49,60.0,0,0,0,56,73,4,50,57,3,3,2,10,2,50,BAYSIDE
Brookfield,3338,Melton,-37.699465,144.5468869,952,3,1015,6,920,3,560000,-2,100.0,60.0,0,0,0,0,0,4,23,14,3,3,2,10,2,50,OUTER GROWTH
Brunswick,3056,Merri-bek,-37.7666099,144.9584302,1004,5,994,5,1028,7,1300000,-2,348.82,60.0,0,0,0,0,0,4,71,97,3,3,2,10,2,50,INNER METRO
Brunswick East,3057,Merri-bek,-37.7673388,144.9802463,1076,9,943,2,1162,10,1400000,4,348.82,60.0,0,0,0,0,0,4,73,86,3,3,2,10,2,50,INNER METRO
Brunswick West,3055,Merri-bek,-37.7586481,144.9448586,1047,7,949,3,1112,9,1275000,-1,348.82,60.0,0,0,0,0,0,4,58,84,3,3,2,10,2,50,INNER METRO
Bulleen,3105,Manningham,-37.7660476,145.0879338,1047,7,1037,7,1061,8,1318000,-2.37,147.03,60.0,0,0,0,10,83,4,42,79,3,3,2,10,2,50,OUTER GROWTH
Bundoora,3083,Whittlesea,-37.6948854,145.0622727,1024,6,1013,6,1016,7,1130000,0.0,231.53,60.0,0,0,0,0,0,4,57,76,3,3,2,10,2,50,OUTER GROWTH
Burnside,3023,Melton,-37.7469113,144.7485686,982,4,1044,8,958,4,789000,0.0,100.0,96.0,1,0,0,0,0,4,41,20,3,3,2,10,2,50,OUTER GROWTH
Burnside Heights,3023,Melton,-37.7310619,144.7593958,1006,5,1062,9,1005,6,736250,0.0,100.0,96.0,1,0,0,0,0,4,38,25,3,3,2,10,2,50,OUTER GROWTH
Burwood,3125,Whitehorse,-37.8483275,145.1099967,940,2,849,1,1091,9,1509000,4.07,235.08,60.0,0,0,0,19,75,4,60,65,3,3,2,10,2,50,OUTER GROWTH
Burwood East,3151,Whitehorse,-37.8552869,145.1513801,1031,6,1009,6,1063,8,1325000,3.52,235.08,60.0,0,0,0,20,73,4,59,77,3,3,2,10,2,50,OUTER GROWTH
Cairnlea,3023,Brimbank,-37.7574652,144.7844769,951,3,1044,8,968,5,712000,-10,344.52,96.0,1,0,0,0,0,4,36,65,3,3,2,10,2,50,OUTER GROWTH
Camberwell,3124,Boroondara,-37.8334095,145.0658766,1097,10,1068,9,1156,10,2600000,-2.4,241.83,60.0,0,0,0,23,78,4,70,69,3,3,2,10,2,50,INNER METRO
Campbellfield,3061,Hume,-37.665113,144.955677,791,1,902,1,886,1,560000,-7,100.0,60.0,0,0,0,0,0,4,42,36,3,3,2,10,2,50,OUTER GROWTH
Canterbury,3126,Boroondara,-37.8245223,145.0741474,977,4,963,3,1041,7,3388000,4.17,241.83,60.0,0,0,0,19,81,4,61,75,3,3,2,10,2,50,INNER METRO
Carlton,3053,Melbourne,-37.798389,144.9694441,962,3,773,1,1143,10,1380000,-2.51,457.97,60.0,0,0,0,24,89,4,100,99,3,3,2,10,2,50,INNER METRO
Carlton North,3054,Melbourne,-37.782195,144.9731431,1087,10,969,4,1169,10,1650000,10.0,457.97,60.0,0,0,0,25,91,4,78,93,3,3,2,10,2,50,INNER METRO
Carnegie,3163,Glen Eira,-37.8891994,145.0570577,1062,8,973,4,1122,9,1380000,2.5,221.37,60.0,0,0,0,40,76,4,77,92,3,3,2,10,2,50,INNER METRO
Caroline Springs,3023,Melton,-37.7431281,144.7356782,1014,6,1040,8,1013,6,610000,0.0,224.38,96.0,1,0,0,0,0,4,42,43,3,3,2,10,2,50,OUTER GROWTH
Carrum,3197,Kingston,-38.0763552,145.123188,1043,7,1035,7,1027,7,1100500,6.07,253.59,95.5,2,2,0,43,52,4,51,64,3,3,2,10,2,50,BAYSIDE
Carrum Downs,3201,Frankston,-38.0975353,145.1706992,986,4,991,5,938,3,740000,3.5,306.42,88.3,3,2,1,42,49,4,40,53,3,3,2,10,2,50,OUTER GROWTH
Catani,3981,Cardinia,-38.1956357,145.6391144,1039,7,1018,6,1037,7,0,0.0,100.0,60.0,0,0,0,0,0,4,50,0,3,3,2,10,2,50,HILLS & RANGES
Caulfield,3162,Glen Eira,-37.8831621,145.0295877,1085,9,1016,6,1155,10,2005000,-7.39,221.37,60.0,0,0,0,43,79,4,63,52,3,3,2,10,2,50,INNER METRO
Caulfield East,3145,Glen Eira,-37.8778697,145.0445735,1080,9,1019,6,1139,10,1750000,-3.2,221.37,60.0,0,0,0,40,80,4,82,91,3,3,2,10,2,50,INNER METRO
Caulfield North,3161,Glen Eira,-37.8712631,145.0190242,1079,9,990,5,1148,10,2249000,-10.26,221.37,60.0,0,0,0,47,84,4,76,78,3,3,2,10,2,50,INNER METRO
Caulfield South,3162,Glen Eira,-37.8945334,145.0205148,1079,9,1008,6,1140,10,1864000,-2.0,221.37,60.0,0,0,0,47,77,4,60,80,3,3,2,10,2,50,INNER METRO
Chelsea,3196,Kingston,-38.051641,145.1160848,1054,8,1073,9,1020,7,1125000,-6.25,253.59,92.0,6,5,1,45,55,4,52,75,3,3,2,10,2,50,BAYSIDE
Chelsea Heights,3196,Kingston,-38.0454639,145.1358899,1048,7,1043,8,1006,6,935000,-1.58,253.59,92.0,6,5,1,42,51,4,34,52,3,3,2,10,2,50,BAYSIDE
Cheltenham,3192,Bayside,-37.964155,145.0658766,1103,10,1106,10,1152,10,1202500,-1.92,243.49,60.0,0,0,0,55,64,4,55,54,3,3,2,10,2,50,OUTER GROWTH
Chirnside Park,3116,Yarra Ranges,-37.7373267,145.3088196,1060,8,1074,9,1014,6,915000,1.67,131.08,60.0,0,0,0,31,87,4,50,4,3,3,2,10,2,50,HILLS & RANGES
Chum Creek,3777,Yarra Ranges,-37.598847,145.4878081,1030,6,1040,8,983,5,0,0.0,100.0,60.0,0,0,0,0,0,4,50,2,3,3,2,10,2,50,HILLS & RANGES
Clarinda,3169,Kingston,-37.9454838,145.1210303,990,4,1009,6,1000,6,1117000,-3.1,253.59,60.0,0,0,0,0,0,4,30,32,3,3,2,10,2,50,OUTER GROWTH
Clayton,3168,Monash,-37.9145479,145.127492,954,3,944,2,1004,6,1277500,8.26,288.06,60.0,0,0,0,35,71,4,69,80,3,3,2,10,2,50,OUTER GROWTH
Clayton South,3169,Kingston,-37.9454838,145.1210303,954,3,944,2,1004,6,972500,4.57,253.59,60.0,0,0,0,42,61,4,30,32,3,3,2,10,2,50,OUTER GROWTH
Clifton Hill,3068,Yarra,-37.7885749,144.9887218,1094,10,1026,7,1175,10,1667500,5.37,538.29,60.0,0,0,0,21,86,4,79,93,3,3,2,10,2,50,INNER METRO
Clyde,3978,,-38.1284823,145.3217471,867,1,893,1,982,5,700000,0.36,0.0,94.6,7,5,0,61,58,4,17,7,3,3,2,10,2,50,HILLS & RANGES
Clyde North,3978,Casey,-38.1108098,145.3287992,1066,9,1104,10,1061,8,730000,0.69,0.0,94.6,7,5,0,59,59,4,37,18,3,3,2,10,2,50,HILLS & RANGES
Coburg,3058,Merri-bek,-37.7412988,144.9666108,1027,6,967,4,1099,9,1300500,-2,348.82,60.0,0,0,0,0,0,4,71,96,3,3,2,10,2,50,INNER METRO
Coburg North,3058,Merri-bek,-37.7343488,144.9666905,1017,6,981,4,1080,8,1300500,-2,348.82,60.0,0,0,0,0,0,4,67,76,3,3,2,10,2,50,INNER METRO
Cockatoo,3781,Cardinia,-37.9357967,145.4913918,1066,9,1091,10,1011,6,725000,-4.61,115.14,60.0,0,0,0,58,90,4,26,48,3,3,2,10,2,50,HILLS & RANGES
Coldstream,3770,,-37.7247031,145.3786112,1035,7,1045,8,985,5,825000,1.13,0.0,60.0,0,0,0,40,93,4,24,40,3,3,2,10,2,50,HILLS & RANGES
Collingwood,3066,Yarra,-37.799283,144.9873447,962,3,864,1,1109,9,1183750,-2.17,538.29,60.0,0,0,0,19,85,4,85,99,3,3,2,10,2,50,INNER METRO
Coolaroo,3048,Hume,-37.6612312,144.9370304,791,1,902,1,886,1,0,0.0,317.21,60.0,0,0,0,0,0,4,50,47,3,3,2,10,2,50,OUTER GROWTH
Craigieburn,3064,Hume,-37.5939825,144.9100319,925,2,973,4,909,2,650000,0.0,317.21,60.0,0,0,0,0,0,4,42,65,3,3,2,10,2,50,OUTER GROWTH
Cranbourne,3977,Casey,-38.1054204,145.2818338,920,2,966,3,903,2,683000,3.25,227.98,90.0,21,14,5,49,58,4,58,80,3,3,2,10,2,50,HILLS & RANGES
Cranbourne East,3977,Casey,-38.1033891,145.3071234,1001,5,1044,8,974,5,725000,0.0,227.98,90.0,21,14,5,60,62,4,36,18,3,3,2,10,2,50,HILLS & RANGES
Cranbourne North,3977,Casey,-38.074153,145.2714705,1013,6,1063,9,1021,7,735000,2.8,227.98,90.0,21,14,5,45,60,4,48,45,3,3,2,10,2,50,HILLS & RANGES
Cranbourne South,3977,Casey,-38.1584939,145.2435138,1054,8,1100,10,987,5,750000,9.41,227.98,90.0,21,14,5,53,48,4,50,5,3,3,2,10,2,50,OUTER GROWTH
Cranbourne West,3977,Casey,-38.1022116,145.2538591,989,4,1038,8,963,5,700000,2.49,227.98,90.0,21,14,5,47,54,4,37,4,3,3,2,10,2,50,HILLS & RANGES
Cremorne,3121,Yarra,-37.8272763,144.9937657,1102,10,1023,7,1191,10,1875000,-14.77,538.29,60.0,0,0,0,0,0,4,95,98,3,3,2,10,2,50,INNER METRO
Croydon,3136,Maroondah,-37.7944026,145.2812664,1015,6,1006,6,1088,9,900000,-3.74,208.37,60.0,0,0,0,23,77,4,57,89,3,3,2,10,2,50,HILLS & RANGES
Croydon Hills,3136,Maroondah,-37.7745507,145.2637942,1085,9,1096,10,1058,8,1152000,-4.0,130.07,60.0,0,0,0,24,77,4,29,32,3,3,2,10,2,50,HILLS & RANGES
Croydon North,3136,Maroondah,-37.7696503,145.2869678,1053,8,1059,8,1053,8,1030000,-7.5,208.37,60.0,0,0,0,28,80,4,36,51,3,3,2,10,2,50,HILLS & RANGES
Croydon South,3136,Maroondah,-37.8135625,145.2693411,1040,7,1037,7,1032,7,921000,0.0,208.37,60.0,0,0,0,22,75,4,33,62,3,3,2,10,2,50,HILLS & RANGES
Dallas,3047,Hume,-37.6709849,144.9319545,794,1,907,1,891,1,560000,-7,100.0,60.0,0,0,0,0,0,4,46,67,3,3,2,10,2,50,OUTER GROWTH
Dandenong,3175,Greater Dandenong,-37.9847811,145.2139907,1079,9,1087,9,1092,9,752500,5.99,410.21,89.0,8,5,2,32,64,4,78,97,3,3,2,10,2,50,OUTER GROWTH
Dandenong North,3175,Greater Dandenong,-37.9592436,145.206837,926,2,960,3,953,4,760250,1.37,410.21,89.0,8,5,2,27,60,4,36,46,3,3,2,10,2,50,OUTER GROWTH
Dandenong South,3175,Greater Dandenong,-38.0316959,145.2120596,1005,6,1049,7,1008,6,780000,2.8,410.21,89.0,8,5,2,39,55,4,38,24,3,3,2,10,2,50,OUTER GROWTH
Deepdene,3103,,-37.8109391,145.0654465,1046,7,1024,7,1113,9,3766000,12.22,0.0,60.0,0,0,0,18,83,4,60,77,3,3,2,10,2,50,INNER METRO
Deer Park,3023,Brimbank,-37.7702749,144.7747728,899,1,954,3,922,3,0,0.0,344.52,96.0,1,0,0,0,0,4,51,76,3,3,2,10,2,50,OUTER GROWTH
Delahey,3037,Brimbank,-37.7154012,144.7727271,899,1,958,3,899,2,867000,0.0,344.52,60.0,0,0,0,0,0,4,38,27,3,3,2,10,2,50,OUTER GROWTH
Derrimut,3026,Brimbank,-37.8294185,144.7796581,987,4,1051,8,993,6,750000,0.0,100.0,60.0,0,0,0,0,0,4,28,23,3,3,2,10,2,50,OUTER GROWTH
Devon Meadows,3977,,-38.1620564,145.3026325,996,6,1032,7,1010,6,720000,1.5,0.0,90.0,21,14,5,58,54,4,20,0,3,3,2,10,2,50,HILLS & RANGES
Diamond Creek,3089,Nillumbik,-37.6666174,145.1541397,1084,9,1104,10,1046,7,987500,0.0,130.58,60.0,0,0,0,0,0,4,31,36,3,3,2,10,2,50,OUTER GROWTH
Diggers Rest,3427,,-37.6153848,144.6862995,1037,7,1047,8,978,5,0,0.0,100.0,60.0,0,0,0,0,0,4,50,0,3,3,2,10,2,50,OUTER GROWTH
Dixons Creek,3775,Yarra Ranges,-37.6015115,145.4183447,1030,6,1040,8,983,5,0,0.0,100.0,60.0,0,0,0,0,0,4,50,5,3,3,2,10,2,50,HILLS & RANGES
Docklands,3008,Melbourne,-37.8170652,144.9419122,1044,7,875,1,1160,10,950000,4.5,457.97,60.0,0,0,0,39,92,4,100,87,3,3,2,10,2,50,INNER METRO
Don Valley,3139,Yarra Ranges,-37.742966,145.5920441,1070,9,1082,9,1062,7,0,0.0,100.0,60.0,0,0,0,0,0,4,50,0,3,3,2,10,2,50,HILLS & RANGES
Doncaster,3108,Manningham,-37.7865824,145.1210303,1027,6,1006,6,1084,8,1471500,-2.71,147.03,60.0,0,0,0,6,77,4,61,80,3,3,2,10,2,50,OUTER GROWTH
Doncaster East,3109,Manningham,-37.7891081,145.1619649,1059,8,1075,9,1081,8,1550000,-3.91,147.03,60.0,0,0,0,7,74,4,54,76,3,3,2,10,2,50,OUTER GROWTH
Donvale,3111,Manningham,-37.7901921,145.1872619,1083,9,1100,10,1086,9,1521000,0.73,147.03,60.0,0,0,0,11,73,4,40,10,3,3,2,10,2,50,OUTER GROWTH
Doreen,3754,Whittlesea,-37.5864808,145.1283462,1051,8,1080,9,1007,6,705000,0.0,231.53,60.0,0,0,0,0,0,4,32,68,3,3,2,10,2,50,OUTER GROWTH
Doveton,3177,Casey,-37.9876769,145.2394075,832,1,886,1,901,2,610000,1.67,227.98,85.0,4,3,0,35,63,4,40,62,3,3,2,10,2,50,OUTER GROWTH
Dromana,3936,Mornington Peninsula,-38.3361633,144.9740524,1026,6,1013,6,992,6,945000,-7.35,187.39,60.0,0,0,0,63,20,4,28,46,3,3,2,10,2,50,BAYSIDE
Edithvale,3196,Kingston,-38.0385629,145.1090316,1073,9,1054,8,1079,8,1280000,-2.29,253.59,92.0,6,5,1,42,56,4,51,57,3,3,2,10,2,50,BAYSIDE
Elsternwick,3185,Glen Eira,-37.8849536,145.0059691,1085,9,1014,6,1144,10,1380000,2.5,221.37,60.0,0,0,0,0,0,4,65,95,3,3,2,10,2,50,INNER METRO
Eltham,3095,Nillumbik,-37.718984,145.1460687,1098,10,1105,10,1096,9,999000,0.0,130.58,60.0,0,0,0,0,0,4,53,85,3,3,2,10,2,50,HILLS & RANGES
Eltham North,3095,Nillumbik,-37.6980273,145.1444175,1096,10,1117,10,1081,8,999000,0.0,130.58,60.0,0,0,0,0,0,4,39,27,3,3,2,10,2,50,OUTER GROWTH
Elwood,3184,Port Phillip,-37.878722,144.9859676,1083,9,978,4,1154,10,2190000,-0.2,519.82,60.0,0,0,0,51,82,4,63,78,3,3,2,10,2,50,BAYSIDE
Emerald,3782,Cardinia,-37.9291842,145.4448709,1015,6,1015,6,926,3,910000,1.11,186.09,60.0,0,0,0,51,83,4,27,63,3,3,2,10,2,50,HILLS & RANGES
Endeavour Hills,3802,Casey,-37.9780214,145.2590707,996,5,1029,7,982,5,813750,1.09,100.0,88.8,4,3,1,36,67,4,39,78,3,3,2,10,2,50,HILLS & RANGES
Epping,3076,Whittlesea,-37.6376748,145.026475,1081,9,1029,7,1162,10,691000,-3,231.53,60.0,0,0,0,0,0,4,47,49,3,3,2,10,2,50,OUTER GROWTH
Essendon,3040,Moonee Valley,-37.7527648,144.9160333,1073,9,1035,7,1083,8,1242000,0.0,316.22,60.0,0,0,0,0,0,4,71,89,3,3,2,10,2,50,INNER METRO
Essendon North,3041,Moonee Valley,-37.737462,144.9014161,1076,9,1053,8,1078,8,1242000,0.0,316.22,60.0,0,0,0,0,0,4,58,72,3,3,2,10,2,50,INNER METRO
Essendon West,3040,Moonee Valley,-37.7535628,144.886126,1067,9,1042,8,1064,8,1242000,0.0,316.22,60.0,0,0,0,0,0,4,47,49,3,3,2,10,2,50,INNER METRO
Eumemmerring,3177,Casey,-37.9963814,145.2504506,915,3,964,4,940,3,692500,7.36,227.98,85.0,4,3,0,35,63,4,37,53,3,3,2,10,2,50,HILLS & RANGES
Fairfield,3078,Darebin,-37.7790074,145.0181267,721,1,861,1,891,2,1301000,-5,430.37,60.0,0,0,0,0,0,4,53,92,3,3,2,10,2,50,INNER METRO
Fawkner,3060,Merri-bek,-37.6969273,144.9666905,936,2,937,2,984,5,1275000,-1,348.82,60.0,0,0,0,0,0,4,47,63,3,3,2,10,2,50,OUTER GROWTH
Ferntree Gully,3156,Knox,-37.8826855,145.2776105,1014,6,1000,5,999,6,886750,-2.55,243.52,60.0,0,0,0,25,71,4,47,83,3,3,2,10,2,50,HILLS & RANGES
Ferny Creek,3786,,-37.8759058,145.3309395,1071,9,1082,9,1030,7,0,0.0,100.0,60.0,0,0,0,0,0,4,22,3,3,3,2,10,2,50,HILLS & RANGES
Fitzroy,3065,Yarra,-37.7983606,144.9784894,979,4,884,1,1125,9,1812312,9.47,538.29,60.0,0,0,0,21,87,4,97,99,3,3,2,10,2,50,INNER METRO
Fitzroy North,3068,Yarra,-37.7885749,144.9887218,1066,9,962,3,1171,10,1557500,-8.78,538.29,60.0,0,0,0,21,86,4,79,93,3,3,2,10,2,50,INNER METRO
Flemington,3031,Moonee Valley,-37.790896,144.9198932,929,2,862,1,1068,8,1300500,-2,316.22,60.0,0,0,0,0,0,4,63,70,3,3,2,10,2,50,INNER METRO
Footscray,3011,Maribyrnong,-37.7988987,144.892357,987,4,895,1,1084,8,922500,-2.89,489.98,60.0,0,0,0,50,98,4,76,94,3,3,2,10,2,50,INNER METRO
Forest Hill,3131,Whitehorse,-37.8347413,145.1727369,1021,6,999,5,1059,8,1210006,0.21,235.08,60.0,0,0,0,16,72,4,46,85,3,3,2,10,2,50,OUTER GROWTH
Frankston,3199,Frankston,-38.1466246,145.135722,972,4,942,2,995,6,765000,3.38,306.42,90.5,18,10,5,41,41,4,60,76,3,3,2,10,2,50,BAYSIDE
Frankston Heights,3199,Frankston,-38.1620052,145.1466011,1027,7,1025,6,1009,6,0,0.0,184.48,90.5,18,10,5,46,42,4,30,30,3,3,2,10,2,50,BAYSIDE
Frankston North,3200,Frankston,-38.1250223,145.162419,925,2,928,2,927,3,629500,6.69,306.42,88.2,4,4,0,43,51,4,33,33,3,3,2,10,2,50,BAYSIDE
Frankston South,3199,Frankston,-38.1645944,145.1486206,1069,9,1076,9,1056,8,1151000,-2.46,306.42,90.5,18,10,5,48,43,4,28,13,3,3,2,10,2,50,BAYSIDE
Fraser Rise,3336,,-37.7097302,144.7268092,1047,7,1087,9,1021,7,0,0.0,100.0,60.0,0,0,0,0,0,4,50,0,3,3,2,10,2,50,OUTER GROWTH
Gardenvale,3185,Glen Eira,-37.8978502,145.0076561,1060,8,1030,7,1106,9,1380000,2.5,100.0,60.0,0,0,0,0,0,4,61,79,3,3,2,10,2,50,INNER METRO
Gembrook,3783,Cardinia,-37.9524044,145.6023644,1044,8,1057,8,982,5,860000,-1.71,186.09,60.0,0,0,0,0,0,4,50,0,3,3,2,10,2,50,HILLS & RANGES
Gisborne,3437,Macedon Ranges,-37.5197014,144.5437205,1079,9,1099,10,1049,8,976000,0.0,100.0,60.0,0,0,0,0,0,4,50,0,3,3,2,10,2,50,OUTER GROWTH
Gladstone Park,3043,Hume,-37.6926696,144.8951801,979,4,1001,5,953,4,720000,-5,317.21,60.0,0,0,0,0,0,4,37,51,3,3,2,10,2,50,OUTER GROWTH
Glen Huntly,3163,Glen Eira,-37.8893948,145.0419257,1066,9,994,5,1120,9,1380000,2.5,100.0,60.0,0,0,0,0,0,4,62,83,3,3,2,10,2,50,INNER METRO
Glen Waverley,3150,Monash,-37.8743502,145.1668205,1055,8,1048,8,1102,9,1694000,0.3,288.06,60.0,0,0,0,21,68,4,57,93,3,3,2,10,2,50,OUTER GROWTH
Glenhuntly,3163,,-37.8893948,145.0419257,1071,9,994,5,1132,9,1420000,1.8,100.0,60.0,0,0,0,0,0,4,62,83,3,3,2,10,2,50,INNER METRO
Glenroy,3046,Merri-bek,-37.7062465,144.9161373,945,2,932,2,1002,6,1275000,-1,348.82,60.0,0,0,0,0,0,4,51,88,3,3,2,10,2,50,OUTER GROWTH
Gowanbrae,3043,Merri-bek,-37.7062908,144.8948907,1069,9,1077,9,1037,7,720000,-5,100.0,60.0,0,0,0,0,0,4,53,29,3,3,2,10,2,50,OUTER GROWTH
Greensborough,3088,Nillumbik,-37.7043698,145.1006438,1070,9,1053,8,1062,8,875500,-4,130.58,60.0,0,0,0,0,0,4,60,95,3,3,2,10,2,50,OUTER GROWTH
Greenvale,3059,Hume,-37.6454887,144.8841246,1033,7,1092,10,1013,6,727500,4,317.21,60.0,0,0,0,0,0,4,30,34,3,3,2,10,2,50,OUTER GROWTH
Hadfield,3046,Merri-bek,-37.7105356,144.9501406,970,3,963,3,995,6,1275000,-1,348.82,60.0,0,0,0,0,0,4,42,48,3,3,2,10,2,50,INNER METRO
Hallam,3803,Casey,-38.0069505,145.2756505,917,2,978,4,937,3,752000,0.94,227.98,82.7,3,1,2,40,66,4,41,63,3,3,2,10,2,50,HILLS & RANGES
Hampton,3188,Bayside,-37.9338333,145.0031893,1074,9,1060,8,1131,10,2314000,-7.99,243.49,60.0,0,0,0,60,74,4,53,94,3,3,2,10,2,50,BAYSIDE
Hampton Park,3976,Casey,-38.0349647,145.2756505,917,2,977,4,921,3,678000,2.73,227.98,88.8,5,4,1,42,66,4,42,37,3,3,2,10,2,50,HILLS & RANGES
Hawthorn,3122,Boroondara,-37.8222114,145.0328017,1091,10,1014,6,1164,10,2840000,-8.05,241.83,60.0,0,0,0,26,82,4,75,98,3,3,2,10,2,50,INNER METRO
Hawthorn East,3123,Boroondara,-37.8310813,145.0520938,1091,10,1014,6,1164,10,2612500,3.67,241.83,60.0,0,0,0,26,77,4,73,90,3,3,2,10,2,50,INNER METRO
Healesville,3777,Yarra Ranges,-37.5848772,145.5136433,1027,6,1038,8,982,5,785000,1.95,131.08,60.0,0,0,0,0,0,4,50,0,3,3,2,10,2,50,HILLS & RANGES
Heidelberg,3084,Banyule,-37.7566014,145.0696116,1075,9,1028,7,1112,9,944000,-2,252.91,60.0,0,0,0,0,0,4,51,87,3,3,2,10,2,50,INNER METRO
Heidelberg Heights,3081,Banyule,-37.7426485,145.0525538,943,4,950,3,1016,6,944000,-2,252.91,60.0,0,0,0,0,0,4,52,54,3,3,2,10,2,50,INNER METRO
Heidelberg West,3081,Banyule,-37.7415712,145.0428381,962,3,919,2,1049,8,944000,-2,252.91,60.0,0,0,0,0,0,4,56,63,3,3,2,10,2,50,INNER METRO
Highett,3190,Bayside,-37.9487497,145.0410692,1071,9,1052,8,1108,9,1350000,0.5,243.49,60.0,0,0,0,0,0,4,55,82,3,3,2,10,2,50,OUTER GROWTH
Hoppers Crossing,3029,Wyndham,-37.8629027,144.6854533,970,3,996,5,949,4,653500,1,213.85,60.0,0,0,0,0,0,4,40,61,3,3,2,10,2,50,OUTER GROWTH
Hughesdale,3166,Monash,-37.8947609,145.0848814,1051,8,1007,6,1099,9,1435000,0.91,288.06,60.0,0,0,0,37,72,4,77,82,3,3,2,10,2,50,OUTER GROWTH
Huntingdale,3166,Monash,-37.9078779,145.1107218,1038,7,1001,5,1070,8,1210000,2.54,288.06,60.0,0,0,0,33,69,4,75,78,3,3,2,10,2,50,OUTER GROWTH
Hurstbridge,3099,Nillumbik,-37.6374085,145.1944322,1068,9,1077,9,1050,8,987500,0.0,130.58,60.0,0,0,0,0,0,4,44,61,3,3,2,10,2,50,OUTER GROWTH
Ivanhoe,3079,Banyule,-37.7683771,145.0429223,1085,9,1040,8,1136,10,944000,-2,252.91,60.0,0,0,0,0,0,4,53,93,3,3,2,10,2,50,INNER METRO
Ivanhoe East,3079,Banyule,-37.7730009,145.0602831,1118,10,1104,10,1146,10,944000,-2,252.91,60.0,0,0,0,0,0,4,39,75,3,3,2,10,2,50,INNER METRO
Jacana,3047,Hume,-37.687232,144.9128564,998,5,1003,5,997,6,560000,-7,100.0,60.0,0,0,0,0,0,4,59,71,3,3,2,10,2,50,OUTER GROWTH
Junction Village,3977,,-38.1363724,145.2944402,929,3,968,4,953,4,670000,-3.34,0.0,90.0,21,14,5,55,55,4,20,8,3,3,2,10,2,50,HILLS & RANGES
Kallista,3791,,-37.9051015,145.4111713,1046,8,1055,8,998,6,0,0.0,100.0,60.0,0,0,0,0,0,4,0,0,3,3,2,10,2,50,HILLS & RANGES
Kangaroo Ground,3097,Nillumbik,-37.6897828,145.2369693,1105,10,1141,10,1094,9,0,0.0,100.0,60.0,0,0,0,0,0,4,50,0,3,3,2,10,2,50,OUTER GROWTH
Karingal,3199,Frankston,-38.1421518,145.1581699,989,5,982,4,993,6,0,0.0,306.42,90.5,18,10,5,43,47,4,35,55,3,3,2,10,2,50,OUTER GROWTH
Kealba,3021,Brimbank,-37.7327512,144.8238362,1018,6,1042,7,984,5,710000,0.0,100.0,60.0,0,0,0,0,0,4,34,39,3,3,2,10,2,50,OUTER GROWTH
Keilor,3036,Brimbank,-37.7161471,144.8282459,1052,8,1058,8,1008,6,710000,0.0,344.52,60.0,0,0,0,0,0,4,29,61,3,3,2,10,2,50,OUTER GROWTH
Keilor Downs,3038,Brimbank,-37.7233543,144.8077931,965,3,996,5,953,4,920000,0.0,344.52,60.0,0,0,0,0,0,4,38,65,3,3,2,10,2,50,OUTER GROWTH
Keilor East,3033,Brimbank,-37.7343192,144.8566207,1036,7,1037,7,1018,7,1242000,0.0,344.52,60.0,0,0,0,0,0,4,46,51,3,3,2,10,2,50,OUTER GROWTH
Keilor Lodge,3038,,-37.69754,144.7978052,949,3,983,4,939,4,0,0.0,100.0,60.0,0,0,0,0,0,4,32,58,3,3,2,10,2,50,OUTER GROWTH
Keilor Park,3042,Brimbank,-37.7200817,144.8514577,1019,6,1018,6,990,6,710000,0.0,100.0,60.0,0,0,0,0,0,4,38,53,3,3,2,10,2,50,OUTER GROWTH
Kensington,3031,Melbourne,-37.7941207,144.9276659,1071,9,968,4,1146,10,1215000,-12,457.97,60.0,0,0,0,0,0,4,71,92,3,3,2,10,2,50,INNER METRO
Kew,3101,Boroondara,-37.803516,145.0328017,1087,10,1065,9,1138,10,2760000,0.36,241.83,60.0,0,0,0,20,84,4,67,91,3,3,2,10,2,50,INNER METRO
Kew East,3102,Boroondara,-37.791629,145.0482331,1087,10,1065,9,1138,10,2125000,-4.92,241.83,60.0,0,0,0,17,85,4,52,45,3,3,2,10,2,50,INNER METRO
Keysborough,3173,Greater Dandenong,-38.0042683,145.1706992,914,2,981,4,918,3,988000,6.24,410.21,92.1,7,4,1,35,57,4,36,3,3,3,2,10,2,50,OUTER GROWTH
Kilmore,3764,,-37.2960445,144.9520417,1002,5,1024,7,940,4,0,0.0,100.0,60.0,0,0,0,0,0,4,50,58,3,3,2,10,2,50,OUTER GROWTH
Kilsyth,3137,Yarra Ranges,-37.8253798,145.3198788,1010,5,1011,6,978,5,830000,1.47,131.08,60.0,0,0,0,31,81,4,28,18,3,3,2,10,2,50,HILLS & RANGES
Kilsyth South,3137,Yarra Ranges,-37.8336968,145.3068603,1032,6,1036,7,992,6,1091000,0.44,131.08,60.0,0,0,0,29,79,4,28,21,3,3,2,10,2,50,HILLS & RANGES
Kings Park,3021,Brimbank,-37.7334692,144.7662246,951,3,930,2,986,5,710000,0.0,100.0,60.0,0,0,0,0,0,4,33,21,3,3,2,10,2,50,OUTER GROWTH
Kingsbury,3083,Darebin,-37.7143364,145.0386962,1012,5,982,4,1058,8,800000,0.0,100.0,60.0,0,0,0,0,0,4,60,69,3,3,2,10,2,50,OUTER GROWTH
Kingsville,3012,Maribyrnong,-37.8086674,144.8800502,1060,8,1008,6,1129,10,915000,-5,489.98,60.0,0,0,0,0,0,4,57,81,3,3,2,10,2,50,INNER METRO
Knoxfield,3180,Knox,-37.896518,145.2472157,1052,8,1048,8,1038,7,997500,3.91,243.52,60.0,0,0,0,25,66,4,39,69,3,3,2,10,2,50,OUTER GROWTH
Kooyong,3144,Stonnington,-37.840837,145.0360838,1098,10,1030,7,1167,10,0,0.0,417.37,60.0,0,0,0,0,0,4,67,53,3,3,2,10,2,50,INNER METRO
Kurunjang,3337,Melton,-37.6661536,144.5953137,947,3,1001,5,899,2,867000,0.0,224.38,60.0,0,0,0,0,0,4,25,16,3,3,2,10,2,50,OUTER GROWTH
Lalor,3075,Whittlesea,-37.6650543,145.0107588,1002,5,1011,6,1007,6,691000,-3,231.53,60.0,0,0,0,0,0,4,52,51,3,3,2,10,2,50,OUTER GROWTH
Langwarrin,3910,Frankston,-38.1608986,145.1927835,1040,7,1056,8,976,5,863000,1.53,306.42,92.6,5,4,1,49,46,4,29,32,3,3,2,10,2,50,OUTER GROWTH
Langwarrin South,3911,Frankston,-38.1930816,145.183001,1054,8,1077,9,1006,6,0,0.0,184.48,93.0,1,1,0,48,40,4,15,3,3,3,2,10,2,50,OUTER GROWTH
Launching Place,3139,,-37.7762367,145.5764386,1070,9,1078,9,1068,7,705000,6.82,73.44,60.0,0,0,0,0,0,4,50,16,3,3,2,10,2,50,HILLS & RANGES
Laverton,3028,Hobsons Bay,-37.8635199,144.7710013,993,5,992,5,1028,7,0,0.0,274.49,60.0,0,0,0,0,0,4,54,56,3,3,2,10,2,50,OUTER GROWTH
Laverton North,3026,Wyndham,-37.8280477,144.7854874,983,4,1002,5,1011,6,0,0.0,100.0,60.0,0,0,0,0,0,4,29,35,3,3,2,10,2,50,OUTER GROWTH
Lilydale,3140,Yarra Ranges,-37.7643547,145.3475331,1035,7,1045,8,985,5,902000,-5.05,131.08,60.0,0,0,0,36,88,4,49,23,3,3,2,10,2,50,HILLS & RANGES
Lower Plenty,3093,Banyule,-37.7393287,145.112755,1062,9,1047,8,1080,8,944000,-2,252.91,60.0,0,0,0,0,0,4,22,4,3,3,2,10,2,50,OUTER GROWTH
Lynbrook,3975,Casey,-38.0510589,145.2559478,1021,6,1079,9,1015,6,832500,9.54,0.0,87.9,7,5,2,41,60,4,39,70,3,3,2,10,2,50,HILLS & RANGES
Lyndhurst,3975,Casey,-38.0705008,145.2467167,1021,6,1079,9,1015,6,932500,6.57,227.98,87.9,7,5,2,41,58,4,35,16,3,3,2,10,2,50,OUTER GROWTH
Lysterfield,3156,Knox,-37.9185365,145.2778773,1097,10,1137,10,1043,7,1350000,3.65,0.0,60.0,0,0,0,31,68,4,28,30,3,3,2,10,2,50,HILLS & RANGES
Macleod,3085,Darebin,-37.7248363,145.0672046,1051,8,1017,6,1084,8,0,0.0,430.37,60.0,0,0,0,0,0,4,51,61,3,3,2,10,2,50,OUTER GROWTH
Maidstone,3012,Maribyrnong,-37.7828499,144.8689053,1023,6,994,5,1053,7,915000,-5,489.98,60.0,0,0,0,0,0,4,52,76,3,3,2,10,2,50,INNER METRO
Malvern,3144,Stonnington,-37.8535148,145.0355574,1098,10,1042,8,1159,10,3158500,9.59,417.37,60.0,0,0,0,39,77,4,73,86,3,3,2,10,2,50,INNER METRO
Malvern East,3145,Stonnington,-37.8773116,145.059272,1088,10,1046,8,1141,10,2080000,-2.21,417.37,60.0,0,0,0,35,73,4,73,89,3,3,2,10,2,50,INNER METRO
Maribyrnong,3032,Maribyrnong,-37.7837482,144.8908713,1045,7,1003,6,1078,8,915000,-5,489.98,60.0,0,0,0,0,0,4,56,77,3,3,2,10,2,50,INNER METRO
McCrae,3938,Mornington Peninsula,-38.3562816,144.9336544,982,4,977,4,947,4,1270000,-2.31,187.39,60.0,0,0,0,65,18,4,26,18,3,3,2,10,2,50,BAYSIDE
McKinnon,3204,Glen Eira,-37.9104488,145.0337951,1069,9,1042,8,1115,9,1690000,-2,221.37,60.0,0,0,0,0,0,4,54,83,3,3,2,10,2,50,OUTER GROWTH
Meadow Heights,3048,Hume,-37.6539007,144.9226452,800,1,917,2,901,2,727500,4,317.21,60.0,0,0,0,0,0,4,51,54,3,3,2,10,2,50,OUTER GROWTH
Melbourne,3000,Melbourne,-37.8152065,144.963937,1107,10,980,4,1189,10,1200000,3.8,457.97,60.0,0,0,0,33,91,4,100,100,3,3,2,10,2,50,INNER METRO
Melton,3337,Melton,-37.6095412,144.5875645,849,1,908,1,847,1,0,0.0,224.38,60.0,0,0,0,0,0,4,50,2,3,3,2,10,2,50,OUTER GROWTH
Melton South,3338,Melton,-37.7029022,144.5749646,877,1,940,2,893,2,0,0.0,224.38,60.0,0,0,0,0,0,4,47,70,3,3,2,10,2,50,OUTER GROWTH
Melton West,3337,Melton,-37.68298,144.5500157,940,2,999,5,910,2,0,0.0,224.38,60.0,0,0,0,0,0,4,36,26,3,3,2,10,2,50,OUTER GROWTH
Mentone,3194,Kingston,-37.9812197,145.064387,1061,8,1016,6,1082,8,1327500,-0.56,253.59,60.0,0,0,0,48,63,4,57,84,3,3,2,10,2,50,BAYSIDE
Menzies Creek,3159,,-37.921192,145.4070685,1053,8,1062,8,1013,6,0,0.0,100.0,60.0,0,0,0,0,0,4,25,4,3,3,2,10,2,50,HILLS & RANGES
Merlynston,3058,Merri-bek,-37.72093,144.96135,1005,5,970,4,1058,8,0,0.0,100.0,60.0,0,0,0,0,0,4,46,69,3,3,2,10,2,50,INNER METRO
Middle Park,3206,Port Phillip,-37.8509396,144.9615926,1070,9,1055,8,1071,8,2202500,-11,519.82,60.0,0,0,0,0,0,4,63,89,3,3,2,10,2,50,INNER METRO
Mill Park,3082,Whittlesea,-37.6703725,145.071113,1011,5,1019,6,982,5,691000,-3,231.53,60.0,0,0,0,0,0,4,55,50,3,3,2,10,2,50,OUTER GROWTH
Mitcham,3132,Whitehorse,-37.8219905,145.1983055,1062,8,1028,7,1092,9,1200000,-0.35,235.08,60.0,0,0,0,17,72,4,60,51,3,3,2,10,2,50,OUTER GROWTH
Monbulk,3793,Yarra Ranges,-37.8689357,145.4360858,1051,8,1065,9,1010,6,790000,-2.59,0.0,60.0,0,0,0,55,95,4,50,1,3,3,2,10,2,50,HILLS & RANGES
Mont Albert,3127,Boroondara,-37.8160228,145.1077021,1045,7,1010,6,1120,9,2477500,6.24,241.83,60.0,0,0,0,12,80,4,68,77,3,3,2,10,2,50,OUTER GROWTH
Mont Albert North,3129,Whitehorse,-37.8010393,145.1108602,1048,7,1033,7,1106,9,1580000,-3.66,0.0,60.0,0,0,0,9,78,4,44,59,3,3,2,10,2,50,OUTER GROWTH
Montrose,3765,Yarra Ranges,-37.8083883,145.353065,1068,9,1080,9,1009,6,922500,5.01,131.08,60.0,0,0,0,34,84,4,33,31,3,3,2,10,2,50,HILLS & RANGES
Moonee Ponds,3039,Moonee Valley,-37.7675363,144.9198932,1067,9,998,5,1116,9,0,0.0,316.22,60.0,0,0,0,0,0,4,76,97,3,3,2,10,2,50,INNER METRO
Moorabbin,3189,Kingston,-37.9403568,145.0576067,1048,8,1035,7,1074,8,1220000,0.0,100.0,60.0,0,0,0,0,0,4,41,67,3,3,2,10,2,50,OUTER GROWTH
Moorooduc,3933,Mornington Peninsula,-38.2501593,145.1265477,1064,8,1076,9,1047,7,0,0.0,111.15,60.0,0,0,0,55,34,4,50,0,3,3,2,10,2,50,OUTER GROWTH
Mooroolbark,3138,Yarra Ranges,-37.7822365,145.3309395,1031,6,1045,8,992,6,860000,1.18,131.08,60.0,0,0,0,34,85,4,21,13,3,3,2,10,2,50,HILLS & RANGES
Mordialloc,3195,Kingston,-37.9995418,145.0940302,1072,9,1043,8,1084,8,1380000,2.99,253.59,91.0,2,1,1,44,58,4,47,64,3,3,2,10,2,50,BAYSIDE
Mornington,3931,Mornington Peninsula,-38.2277083,145.0603633,1020,6,1024,7,987,5,1054800,-4.11,187.39,60.0,0,0,0,59,34,4,34,44,3,3,2,10,2,50,BAYSIDE
Mount Dandenong,3767,,-37.8421584,145.3420015,1079,9,1087,9,1092,9,933000,7.86,0.0,60.0,0,0,0,39,87,4,23,5,3,3,2,10,2,50,HILLS & RANGES
Mount Eliza,3930,Mornington Peninsula,-38.1952209,145.0879338,1104,10,1129,10,1099,9,1580000,-2.47,187.39,60.0,0,0,0,54,36,4,36,33,3,3,2,10,2,50,BAYSIDE
Mount Evelyn,3796,Yarra Ranges,-37.7791563,145.3917982,1051,8,1075,9,992,6,840000,1.06,131.08,60.0,0,0,0,44,93,4,26,16,3,3,2,10,2,50,HILLS & RANGES
Mount Martha,3934,Mornington Peninsula,-38.287039,145.016269,1079,9,1090,10,1060,8,1420000,2.53,187.39,60.0,0,0,0,62,27,4,25,2,3,3,2,10,2,50,BAYSIDE
Mount Waverley,3149,Monash,-37.8772869,145.1265477,1065,9,1045,8,1108,9,1618000,1.13,288.06,60.0,0,0,0,24,69,4,47,86,3,3,2,10,2,50,OUTER GROWTH
Mulgrave,3170,Monash,-37.9267579,145.1762197,1038,7,1036,7,1042,7,1078500,2.71,288.06,60.0,0,0,0,32,66,4,47,38,3,3,2,10,2,50,OUTER GROWTH
Murrumbeena,3163,Glen Eira,-37.8978307,145.070895,1077,9,1021,7,1116,9,1380000,2.5,221.37,60.0,0,0,0,0,0,4,69,63,3,3,2,10,2,50,OUTER GROWTH
Narre Warren,3805,Casey,-38.026173,145.3067451,1068,9,1143,10,1024,7,772500,4.77,227.98,92.0,15,10,1,41,68,4,66,75,3,3,2,10,2,50,HILLS & RANGES
Narre Warren North,3804,Casey,-37.9820135,145.3138892,1068,9,1143,10,1024,7,1557500,-8.38,0.0,60.0,0,0,0,42,70,4,31,32,3,3,2,10,2,50,HILLS & RANGES
Narre Warren South,3805,Casey,-38.0535338,145.3013545,1030,6,1096,10,1000,6,815650,-1.73,227.98,92.0,15,10,1,46,68,4,38,27,3,3,2,10,2,50,HILLS & RANGES
Niddrie,3042,Moonee Valley,-37.7409833,144.8858274,1067,9,1042,8,1064,8,1242000,0.0,100.0,60.0,0,0,0,0,0,4,53,62,3,3,2,10,2,50,INNER METRO
Noble Park,3174,Greater Dandenong,-37.9641212,145.1762197,936,2,969,4,945,4,795000,3.25,410.21,88.0,4,3,1,31,61,4,69,68,3,3,2,10,2,50,OUTER GROWTH
Noble Park North,3174,Greater Dandenong,-37.954525,145.1908285,936,2,969,4,945,4,781000,2.09,410.21,88.0,4,3,1,29,60,4,32,44,3,3,2,10,2,50,OUTER GROWTH
North Melbourne,3051,Melbourne,-37.7983816,144.9419122,981,4,848,1,1139,10,1215000,-12,457.97,60.0,0,0,0,0,0,4,79,85,3,3,2,10,2,50,INNER METRO
North Warrandyte,3113,Nillumbik,-37.7386037,145.2148736,1107,10,1142,10,1100,9,0,0.0,100.0,60.0,0,0,0,0,0,4,42,41,3,3,2,10,2,50,OUTER GROWTH
Northcote,3070,Darebin,-37.7736132,144.9997396,1064,8,1005,6,1146,10,1382000,-5,430.37,60.0,0,0,0,0,0,4,71,95,3,3,2,10,2,50,INNER METRO
Nunawading,3131,Whitehorse,-37.8184273,145.1760206,1041,7,1012,6,1082,8,1128725,-6.79,235.08,60.0,0,0,0,12,73,4,63,90,3,3,2,10,2,50,OUTER GROWTH
Nutfield,3099,Nillumbik,-37.6089145,145.18278,1068,9,1087,9,1034,7,0,0.0,100.0,60.0,0,0,0,0,0,4,50,0,3,3,2,10,2,50,OUTER GROWTH
Oak Park,3046,Merri-bek,-37.7165119,144.91903,1064,8,1010,6,1084,8,1275000,-1,348.82,60.0,0,0,0,0,0,4,48,74,3,3,2,10,2,50,INNER METRO
Oakleigh,3166,Monash,-37.9016644,145.091857,990,4,1009,6,1000,6,1330500,-1.81,288.06,60.0,0,0,0,37,70,4,79,94,3,3,2,10,2,50,OUTER GROWTH
Oakleigh East,3166,Monash,-37.9077849,145.1168292,994,5,985,4,1025,7,1200000,3.45,288.06,60.0,0,0,0,32,71,4,62,69,3,3,2,10,2,50,OUTER GROWTH
Oakleigh South,3167,Monash,-37.9193474,145.0989646,990,4,1009,6,1000,6,1450000,-2.03,288.06,60.0,0,0,0,39,68,4,39,16,3,3,2,10,2,50,OUTER GROWTH
Officer,3809,Cardinia,-38.0601124,145.4100456,1056,8,1070,9,1022,7,749000,3.67,186.09,87.5,3,1,1,53,76,4,50,25,3,3,2,10,2,50,HILLS & RANGES
Olinda,3788,Yarra Ranges,-37.8532703,145.3751961,1079,9,1087,9,1092,9,947500,-3.07,131.08,60.0,0,0,0,45,92,4,50,29,3,3,2,10,2,50,HILLS & RANGES
Ormond,3204,Glen Eira,-37.9044154,145.0439649,1066,9,994,5,1120,9,1690000,-2,221.37,60.0,0,0,0,0,0,4,51,89,3,3,2,10,2,50,OUTER GROWTH
Pakenham,3810,Cardinia,-38.0776708,145.4818724,979,4,1000,5,945,4,673000,2.75,186.09,91.2,8,6,1,58,80,4,50,87,3,3,2,10,2,50,HILLS & RANGES
Pakenham Upper,3810,Cardinia,-38.0119757,145.5124279,1034,7,1054,8,993,6,0,0.0,115.14,91.2,8,6,1,0,0,4,50,6,3,3,2,10,2,50,HILLS & RANGES
Parkdale,3195,Kingston,-37.9937732,145.0767488,1072,9,1043,8,1084,8,1490000,0.68,253.59,91.0,2,1,1,47,62,4,53,72,3,3,2,10,2,50,BAYSIDE
Pascoe Vale,3044,Merri-bek,-37.7315238,144.9384853,1041,7,991,5,1066,8,1275000,-1,348.82,60.0,0,0,0,0,0,4,49,65,3,3,2,10,2,50,INNER METRO
Pascoe Vale South,3044,Merri-bek,-37.7457735,144.9384576,1069,9,1038,8,1080,8,1275000,-1,348.82,60.0,0,0,0,0,0,4,62,64,3,3,2,10,2,50,INNER METRO
Patterson Lakes,3197,Kingston,-38.0680914,145.1451427,1043,7,1035,7,1027,7,1202500,-11.74,253.59,95.5,2,2,0,39,50,4,34,75,3,3,2,10,2,50,BAYSIDE
Plenty,3090,Nillumbik,-37.670486,145.1099967,1097,10,1124,10,1055,8,0,0.0,130.58,60.0,0,0,0,0,0,4,29,1,3,3,2,10,2,50,OUTER GROWTH
Point Cook,3030,Wyndham,-37.9002643,144.7535495,1051,8,1075,9,1074,8,610000,0.0,213.85,60.0,0,0,0,0,0,4,34,65,3,3,2,10,2,50,OUTER GROWTH
Port Melbourne,3207,Port Phillip,-37.8315264,144.9226452,1052,8,990,5,1138,10,1580000,-4,519.82,60.0,0,0,0,0,0,4,44,55,3,3,2,10,2,50,BAYSIDE
Portsea,3944,Mornington Peninsula,-38.3207377,144.718304,1023,6,1024,6,994,6,3675000,29.86,187.39,60.0,0,0,0,88,16,4,27,11,3,3,2,10,2,50,BAYSIDE
Powelltown,3797,Yarra Ranges,-37.8658155,145.758847,1075,9,1087,10,1068,7,0,0.0,100.0,60.0,0,0,0,0,0,4,50,13,3,3,2,10,2,50,HILLS & RANGES
Prahran,3181,Stonnington,-37.8507947,145.0027616,1076,9,941,2,1154,10,1700000,-1.73,417.37,60.0,0,0,0,40,80,4,78,95,3,3,2,10,2,50,INNER METRO
Preston,3072,Darebin,-37.7399362,145.0107588,995,5,1077,9,1000,6,1382000,-5,430.37,60.0,0,0,0,0,0,4,67,79,3,3,2,10,2,50,INNER METRO
Princes Hill,3054,,-37.7815192,144.9670038,1087,10,969,4,1169,10,0,0.0,100.0,60.0,0,0,0,0,0,4,77,83,3,3,2,10,2,50,INNER METRO
Reefton,3799,Yarra Ranges,-37.6714404,145.8542747,1062,8,1069,9,1059,7,0,0.0,100.0,60.0,0,0,0,0,0,4,50,0,3,3,2,10,2,50,HILLS & RANGES
Research,3095,Nillumbik,-37.7036462,145.1806162,1107,10,1142,10,1100,9,0,0.0,130.58,60.0,0,0,0,0,0,4,30,50,3,3,2,10,2,50,OUTER GROWTH
Reservoir,3073,Darebin,-37.7118644,145.0107588,974,4,939,2,1014,6,1382000,-5,430.37,60.0,0,0,0,0,0,4,54,76,3,3,2,10,2,50,OUTER GROWTH
Richmond,3121,Yarra,-37.8238936,144.9982667,996,5,996,5,970,5,1397500,1.93,538.29,60.0,0,0,0,28,79,4,94,99,3,3,2,10,2,50,INNER METRO
Ringwood,3134,Maroondah,-37.8145771,145.2310109,1014,6,978,4,1052,8,1025000,0.7,208.37,60.0,0,0,0,15,71,4,64,96,3,3,2,10,2,50,OUTER GROWTH
Ringwood East,3135,Maroondah,-37.8218486,145.2535448,1048,7,1027,7,1067,8,1004000,-3.0,208.37,60.0,0,0,0,22,74,4,40,47,3,3,2,10,2,50,HILLS & RANGES
Ringwood North,3134,Maroondah,-37.795271,145.2352519,1085,9,1095,10,1077,8,1182500,-5.4,208.37,60.0,0,0,0,18,73,4,39,75,3,3,2,10,2,50,OUTER GROWTH
Ripponlea,3185,Port Phillip,-37.8765878,144.9953278,1078,9,978,4,1147,10,0,0.0,519.82,60.0,0,0,0,0,0,4,73,90,3,3,2,10,2,50,INNER METRO
Rockbank,3335,Melton,-37.7341559,144.6668051,1035,7,1076,9,1019,7,0,0.0,224.38,60.0,0,0,0,0,0,4,50,3,3,3,2,10,2,50,OUTER GROWTH
Rosanna,3084,Banyule,-37.7409649,145.0683729,1075,9,1028,7,1112,9,944000,-2,252.91,60.0,0,0,0,0,0,4,51,77,3,3,2,10,2,50,OUTER GROWTH
Rosebud,3939,Mornington Peninsula,-38.3680733,144.9086168,982,4,977,4,947,4,768000,1.05,187.39,60.0,0,0,0,66,13,4,22,23,3,3,2,10,2,50,BAYSIDE
Rowville,3178,Knox,-37.9210442,145.2424941,1054,8,1061,9,1025,7,1088000,-1.54,243.52,60.0,0,0,0,28,65,4,47,67,3,3,2,10,2,50,OUTER GROWTH
Roxburgh Park,3064,Hume,-37.6191629,144.9278395,895,1,988,5,953,4,727500,4,317.21,60.0,0,0,0,0,0,4,36,29,3,3,2,10,2,50,OUTER GROWTH
Rye,3941,Mornington Peninsula,-38.3732839,144.8176554,1023,6,1024,6,994,6,920000,-16.36,187.39,60.0,0,0,0,77,2,4,31,42,3,3,2,10,2,50,BAYSIDE
Safety Beach,3936,Mornington Peninsula,-38.3209972,144.987458,1029,6,1027,7,1000,6,1171250,-1.16,187.39,60.0,0,0,0,63,22,4,30,6,3,3,2,10,2,50,BAYSIDE
Sandhurst,3977,Frankston,-38.080287,145.2101074,1049,8,1082,9,996,6,1055000,4.61,306.42,90.0,21,14,5,41,54,4,26,8,3,3,2,10,2,50,OUTER GROWTH
Sandown Village,3171,Greater Dandenong,-37.9348302,145.1689511,940,3,973,4,975,5,0,0.0,100.0,86.4,5,3,2,0,0,4,42,64,3,3,2,10,2,50,OUTER GROWTH
Sandringham,3191,Bayside,-37.9533967,145.0135139,1094,10,1068,9,1136,10,2100000,5,243.49,60.0,0,0,0,68,75,4,48,67,3,3,2,10,2,50,BAYSIDE
Sassafras,3787,Yarra Ranges,-37.8645935,145.353065,1087,10,1114,10,1028,7,940000,9.3,131.08,60.0,0,0,0,40,86,4,27,42,3,3,2,10,2,50,HILLS & RANGES
Scoresby,3179,Knox,-37.9042587,145.220397,1052,8,1048,8,1038,7,997500,3.42,243.52,60.0,0,0,0,22,64,4,40,23,3,3,2,10,2,50,OUTER GROWTH
Seabrook,3028,Hobsons Bay,-37.8804219,144.7572402,1024,6,1025,7,1001,6,749500,0.0,100.0,60.0,0,0,0,0,0,4,38,57,3,3,2,10,2,50,BAYSIDE
Seaford,3198,Frankston,-38.1021858,145.1431018,997,5,970,4,993,6,840000,-2.18,306.42,87.6,5,3,2,41,48,4,28,36,3,3,2,10,2,50,BAYSIDE
Seddon,3011,Maribyrnong,-37.8066635,144.8917354,1060,8,1008,6,1129,10,915000,-5,489.98,60.0,0,0,0,0,0,4,75,87,3,3,2,10,2,50,INNER METRO
Selby,3159,,-37.9225135,145.3862638,1072,9,1086,9,1057,8,845000,3.66,0.0,60.0,0,0,0,46,80,4,14,0,3,3,2,10,2,50,HILLS & RANGES
Seville,3139,,-37.7772227,145.4608882,1109,10,1105,10,1184,10,0,0.0,100.0,60.0,0,0,0,0,0,4,50,40,3,3,2,10,2,50,HILLS & RANGES
Seville East,3139,,-37.7731236,145.4987891,1070,9,1082,9,1062,7,0,0.0,100.0,60.0,0,0,0,0,0,4,50,10,3,3,2,10,2,50,HILLS & RANGES
Silvan,3795,Yarra Ranges,-37.8322654,145.4290936,1051,8,1065,9,1010,6,0,0.0,0.0,60.0,0,0,0,48,96,4,50,3,3,3,2,10,2,50,HILLS & RANGES
Skye,3977,Frankston,-38.1175378,145.1968162,1049,8,1082,9,996,6,795500,1.14,306.42,90.0,21,14,5,46,49,4,29,53,3,3,2,10,2,50,OUTER GROWTH
Sorrento,3943,Mornington Peninsula,-38.3477833,144.746696,1104,10,1119,10,1088,9,1750000,-16.67,187.39,60.0,0,0,0,84,12,4,30,27,3,3,2,10,2,50,BAYSIDE
South Kingsville,3015,Hobsons Bay,-37.8310243,144.8695973,1051,8,1002,5,1107,9,1025000,-7,274.49,60.0,0,0,0,0,0,4,42,72,3,3,2,10,2,50,INNER METRO
South Melbourne,3205,Port Phillip,-37.8343443,144.9559035,1029,6,931,2,1146,10,1580000,-4,519.82,60.0,0,0,0,0,0,4,81,98,3,3,2,10,2,50,INNER METRO
South Morang,3752,Whittlesea,-37.6377485,145.082419,1051,8,1079,9,1008,6,691000,-3,231.53,60.0,0,0,0,0,0,4,44,16,3,3,2,10,2,50,OUTER GROWTH
South Yarra,3141,Stonnington,-37.838568,144.9914761,1103,10,961,3,1185,10,1875000,-14.77,417.37,60.0,0,0,0,33,82,4,94,100,3,3,2,10,2,50,INNER METRO
Southbank,3006,Melbourne,-37.82384,144.9624973,1055,8,891,1,1154,10,1050000,5.2,457.97,60.0,0,0,0,33,85,4,100,98,3,3,2,10,2,50,INNER METRO
Spotswood,3015,Hobsons Bay,-37.8298089,144.8863391,1066,8,1017,6,1124,10,1025000,-7,274.49,60.0,0,0,0,0,0,4,56,67,3,3,2,10,2,50,INNER METRO
Springvale,3171,Greater Dandenong,-37.9473307,145.1541397,845,1,914,2,937,3,905000,5.85,410.21,86.4,5,3,2,36,67,4,71,88,3,3,2,10,2,50,OUTER GROWTH
Springvale South,3172,Greater Dandenong,-37.9709927,145.1485377,831,1,943,2,900,2,843000,2.8,410.21,91.8,5,5,0,37,59,4,41,60,3,3,2,10,2,50,OUTER GROWTH
St Albans,3021,Brimbank,-37.7435941,144.8016402,1037,7,1071,9,992,6,595000,-1,344.52,60.0,0,0,0,0,0,4,54,90,3,3,2,10,2,50,OUTER GROWTH
St Kilda,3182,Port Phillip,-37.864,144.982,1066,9,941,2,1144,10,1550000,5.08,519.82,60.0,0,0,0,43,85,4,81,96,3,3,2,10,2,50,BAYSIDE
St Kilda East,3183,Port Phillip,-37.8668061,145.0027144,1066,9,941,2,1144,10,1500000,-4,519.82,60.0,0,0,0,49,83,4,74,73,3,3,2,10,2,50,INNER METRO
Strathmore,3041,Moonee Valley,-37.7342495,144.9187635,1089,10,1081,9,1088,9,1242000,0.0,316.22,60.0,0,0,0,0,0,4,50,85,3,3,2,10,2,50,INNER METRO
Strathmore Heights,3041,Moonee Valley,-37.7130105,144.8969949,994,5,989,5,994,6,727500,4,316.22,60.0,0,0,0,0,0,4,56,32,3,3,2,10,2,50,OUTER GROWTH
Sunshine,3020,Brimbank,-37.7812629,144.8327296,931,2,924,2,985,5,765000,-8,344.52,60.0,0,0,0,0,0,4,70,88,3,3,2,10,2,50,OUTER GROWTH
Sunshine North,3020,Brimbank,-37.7642525,144.8310751,865,1,927,2,932,3,712000,-10,344.52,60.0,0,0,0,0,0,4,40,64,3,3,2,10,2,50,OUTER GROWTH
Sunshine West,3020,Brimbank,-37.7946685,144.818759,884,1,939,2,922,3,712000,-10,344.52,60.0,0,0,0,0,0,4,54,70,3,3,2,10,2,50,OUTER GROWTH
Surrey Hills,3127,Boroondara,-37.8259381,145.0972417,1103,10,1085,9,1159,10,2300000,-2.25,241.83,60.0,0,0,0,16,79,4,62,81,3,3,2,10,2,50,INNER METRO
Sydenham,3037,Brimbank,-37.7014845,144.7644401,983,4,995,5,966,5,741500,6,344.52,60.0,0,0,0,0,0,4,54,43,3,3,2,10,2,50,OUTER GROWTH
Tarneit,3029,Wyndham,-37.8362006,144.6722205,1025,6,1052,8,1027,7,653500,1,213.85,60.0,0,0,0,0,0,4,36,53,3,3,2,10,2,50,OUTER GROWTH
Taylor Lakes,3038,Brimbank,-37.6973477,144.7811982,972,4,1011,6,955,4,0,0.0,100.0,60.0,0,0,0,0,0,4,56,87,3,3,2,10,2,50,OUTER GROWTH
Taylors Hill,3037,Melton,-37.7134968,144.7555173,1034,7,1079,9,1000,6,906500,0.0,100.0,60.0,0,0,0,0,0,4,35,30,3,3,2,10,2,50,OUTER GROWTH
Tecoma,3160,Yarra Ranges,-37.9066054,145.3439874,1071,9,1069,9,1053,8,855000,1.42,131.08,60.0,0,0,0,36,77,4,45,64,3,3,2,10,2,50,HILLS & RANGES
Templestowe,3106,Manningham,-37.7537669,145.1486206,1074,9,1094,10,1087,9,1630000,-2.98,147.03,60.0,0,0,0,10,82,4,41,20,3,3,2,10,2,50,OUTER GROWTH
Templestowe Lower,3107,Manningham,-37.7641408,145.1099967,1055,8,1058,8,1079,8,1327500,-4.84,147.03,60.0,0,0,0,8,82,4,46,41,3,3,2,10,2,50,OUTER GROWTH
The Basin,3154,Knox,-37.8554394,145.3154872,1056,8,1064,9,1008,6,867500,0.75,243.52,60.0,0,0,0,30,80,4,26,41,3,3,2,10,2,50,HILLS & RANGES
Thomastown,3074,Whittlesea,-37.6837819,145.0107588,885,1,935,2,914,2,691000,-3,231.53,60.0,0,0,0,0,0,4,53,67,3,3,2,10,2,50,OUTER GROWTH
Thornbury,3071,Darebin,-37.7600493,145.0080039,1048,7,974,4,1117,9,1382000,-5,430.37,60.0,0,0,0,0,0,4,62,72,3,3,2,10,2,50,INNER METRO
Three Bridges,3797,Yarra Ranges,-37.8453686,145.6855685,1075,9,1087,10,1068,7,0,0.0,100.0,60.0,0,0,0,0,0,4,50,0,3,3,2,10,2,50,HILLS & RANGES
Toolangi,3777,Murrindindi,-37.5286609,145.5191965,1030,6,1040,8,983,5,0,0.0,100.0,60.0,0,0,0,0,0,4,50,0,3,3,2,10,2,50,HILLS & RANGES
Toorak,3142,Stonnington,-37.8432402,145.0190242,1104,10,1035,7,1177,10,5225000,-14.34,417.37,60.0,0,0,0,38,78,4,69,55,3,3,2,10,2,50,INNER METRO
Tottenham,3012,Maribyrnong,-37.8100003,144.8586828,1016,6,963,3,1078,8,0,0.0,489.98,60.0,0,0,0,0,0,4,40,41,3,3,2,10,2,50,INNER METRO
Travancore,3032,Moonee Valley,-37.7792935,144.9363143,1005,6,937,3,1102,9,0,0.0,316.22,60.0,0,0,0,0,0,4,66,76,3,3,2,10,2,50,INNER METRO
Truganina,3029,Wyndham,-37.8282806,144.7082568,1040,7,1072,9,1040,7,647000,-1,213.85,60.0,0,0,0,0,0,4,50,0,3,3,2,10,2,50,OUTER GROWTH
Tullamarine,3043,Hume,-37.7044206,144.8786231,969,3,959,3,943,4,720000,-5,317.21,60.0,0,0,0,0,0,4,44,67,3,3,2,10,2,50,OUTER GROWTH
Upper Ferntree Gully,3156,Knox,-37.8954903,145.3092363,1052,8,1046,8,1035,7,912500,7.04,0.0,60.0,0,0,0,31,77,4,52,64,3,3,2,10,2,50,HILLS & RANGES
Upwey,3158,Yarra Ranges,-37.9039829,145.3309395,1071,9,1069,9,1053,8,855250,-7.04,131.08,60.0,0,0,0,36,78,4,44,68,3,3,2,10,2,50,HILLS & RANGES
Vermont,3133,Whitehorse,-37.8359978,145.1954531,1063,8,1054,8,1084,8,1300000,4.0,235.08,60.0,0,0,0,17,68,4,39,73,3,3,2,10,2,50,OUTER GROWTH
Vermont South,3133,Whitehorse,-37.856512,145.1836152,1060,8,1073,9,1074,8,1477500,-3.21,235.08,60.0,0,0,0,19,68,4,57,80,3,3,2,10,2,50,OUTER GROWTH
Viewbank,3084,Banyule,-37.7397321,145.0915563,1066,9,1042,8,1081,8,1195000,-2,252.91,60.0,0,0,0,0,0,4,32,19,3,3,2,10,2,50,OUTER GROWTH
Wandin East,3139,Yarra Ranges,-37.8163065,145.4584388,1070,9,1078,9,1068,7,0,0.0,100.0,60.0,0,0,0,0,0,4,50,1,3,3,2,10,2,50,HILLS & RANGES
Wandin North,3139,Yarra Ranges,-37.7814219,145.4315015,1070,9,1082,9,1062,7,773000,-4,100.0,60.0,0,0,0,0,0,4,24,50,3,3,2,10,2,50,HILLS & RANGES
Wantirna,3152,Knox,-37.8479567,145.2289289,1045,7,1055,8,1044,7,1150000,4.93,243.52,60.0,0,0,0,16,66,4,38,78,3,3,2,10,2,50,OUTER GROWTH
Wantirna South,3152,Knox,-37.8769518,145.2329617,1046,7,1046,8,1043,7,1237000,-3.51,243.52,60.0,0,0,0,20,65,4,49,59,3,3,2,10,2,50,OUTER GROWTH
Warburton,3799,Yarra Ranges,-37.7530064,145.6987403,1062,8,1069,9,1059,7,655000,3.97,73.44,60.0,0,0,0,0,0,4,50,42,3,3,2,10,2,50,HILLS & RANGES
Warrandyte,3113,Manningham,-37.7386037,145.2148736,1107,10,1142,10,1100,9,1262000,-3,147.03,60.0,0,0,0,0,0,4,42,41,3,3,2,10,2,50,HILLS & RANGES
Warrandyte South,3134,Manningham,-37.7611439,145.2523502,1090,9,1110,10,1073,8,0,0.0,100.0,60.0,0,0,0,0,0,4,50,4,3,3,2,10,2,50,HILLS & RANGES
Waterways,3195,Kingston,-38.0159002,145.1298535,1080,9,1108,10,1054,8,1690000,6,253.59,91.0,2,1,1,0,0,4,36,10,3,3,2,10,2,50,OUTER GROWTH
Watsonia,3087,Banyule,-37.7019248,145.0851764,1046,7,1019,7,1041,7,875500,-4,252.91,60.0,0,0,0,0,0,4,47,70,3,3,2,10,2,50,OUTER GROWTH
Watsonia North,3087,Banyule,-37.7019248,145.0851764,1047,7,1028,7,1040,7,930000,4,252.91,60.0,0,0,0,0,0,4,47,70,3,3,2,10,2,50,OUTER GROWTH
Werribee,3030,Wyndham,-37.8997197,144.6642029,1005,5,1001,5,1000,6,610000,0.0,213.85,60.0,0,0,0,0,0,4,61,83,3,3,2,10,2,50,OUTER GROWTH
Werribee South,3030,Wyndham,-37.9446946,144.689209,1012,6,1027,7,1022,7,930000,6,213.85,60.0,0,0,0,0,0,4,50,16,3,3,2,10,2,50,OUTER GROWTH
West Footscray,3012,Maribyrnong,-37.8006709,144.8716645,1016,6,963,3,1078,8,915000,-5,489.98,60.0,0,0,0,0,0,4,53,41,3,3,2,10,2,50,INNER METRO
West Melbourne,3003,Melbourne,-37.8067802,144.9253974,1046,7,882,1,1150,10,1215000,-12,457.97,60.0,0,0,0,0,0,4,60,18,3,3,2,10,2,50,INNER METRO
Westmeadows,3049,Hume,-37.6707522,144.8896264,979,4,1001,5,953,4,727500,4,317.21,60.0,0,0,0,0,0,4,39,42,3,3,2,10,2,50,OUTER GROWTH
Wheelers Hill,3150,Monash,-37.9067871,145.1890123,1066,9,1076,9,1077,8,1450000,-2.03,288.06,60.0,0,0,0,21,65,4,39,73,3,3,2,10,2,50,OUTER GROWTH
Whittlesea,3757,Whittlesea,-37.5141982,145.1147772,1031,6,1060,8,975,5,760000,3,100.0,60.0,0,0,0,0,0,4,50,72,3,3,2,10,2,50,OUTER GROWTH
Williams Landing,3027,Wyndham,-37.8614859,144.7439497,1000,5,998,5,999,6,799500,1,213.85,60.0,0,0,0,0,0,4,51,17,3,3,2,10,2,50,OUTER GROWTH
Williamstown,3016,Hobsons Bay,-37.8571449,144.8813738,1067,9,1040,8,1113,9,1580000,-4,274.49,60.0,0,0,0,0,0,4,44,72,3,3,2,10,2,50,BAYSIDE
Williamstown North,3016,Hobsons Bay,-37.851972,144.8628571,1025,6,1003,6,1059,8,1275000,25,274.49,60.0,0,0,0,0,0,4,33,53,3,3,2,10,2,50,INNER METRO
Windsor,3181,Stonnington,-37.8544481,144.996985,1078,9,986,5,1125,9,1400000,-7.74,417.37,60.0,0,0,0,43,86,4,80,97,3,3,2,10,2,50,INNER METRO
Wollert,3750,Whittlesea,-37.5891893,144.9942305,1002,5,1051,8,1012,6,705000,0.0,100.0,60.0,0,0,0,0,0,4,50,0,3,3,2,10,2,50,OUTER GROWTH
Wonga Park,3115,Manningham,-37.7347069,145.2590707,1100,10,1140,10,1083,8,1265000,-11,147.03,60.0,0,0,0,0,0,4,50,5,3,3,2,10,2,50,HILLS & RANGES
Woori Yallock,3139,,-37.7800363,145.5303459,1070,9,1082,9,1062,7,0,0.0,100.0,60.0,0,0,0,0,0,4,50,40,3,3,2,10,2,50,HILLS & RANGES
Wyndham Vale,3024,Wyndham,-37.8892516,144.6213448,980,4,1004,6,993,6,580000,0.0,213.85,60.0,0,0,0,0,0,4,38,55,3,3,2,10,2,50,OUTER GROWTH
Yallambie,3085,Banyule,-37.7222123,145.1037659,1066,9,1042,8,1081,8,942000,-8,100.0,60.0,0,0,0,0,0,4,42,28,3,3,2,10,2,50,OUTER GROWTH
Yan Yean,3755,Whittlesea,-37.5474779,145.1486206,1050,8,1072,9,1011,6,0,0.0,100.0,60.0,0,0,0,0,0,4,50,0,3,3,2,10,2,50,OUTER GROWTH
Yarra Glen,3775,Yarra Ranges,-37.6571292,145.3745877,1027,6,1038,8,982,5,900000,8.11,131.08,60.0,0,0,0,44,100,4,50,50,3,3,2,10,2,50,HILLS & RANGES
Yarra Junction,3797,Yarra Ranges,-37.7815665,145.6141514,1070,9,1078,9,1068,7,749000,1.9,73.44,60.0,0,0,0,0,0,4,50,49,3,3,2,10,2,50,HILLS & RANGES
Yarraville,3013,Maribyrnong,-37.819811,144.8813738,1077,9,1035,7,1115,9,1100000,-9,489.98,60.0,0,0,0,0,0,4,56,81,3,3,2,10,2,50,INNER METRO
Yering,3770,Yarra Ranges,-37.6952087,145.3460379,1041,7,1052,8,994,5,0,0.0,100.0,60.0,0,0,0,0,0,4,50,9,3,3,2,10,2,50,HILLS & RANGES
Chadstone,3148,Monash,-37.8831621,145.0958766,1066,9,1076,9,1077,8,1450000,-2.03,288.06,60.0,0,0,0,21,65,4,39,73,3,3,2,10,2,50,OUTER GROWTH
Clifton Springs,3222,Greater Geelong,-38.1478022,144.5699169,1082,9,983,4,1144,10,915000,-3,186.09,60.0,0,0,0,50,75,4,61,76,3,3,2,10,2,50,OUTER GROWTH
Crib Point,3919,Mornington Peninsula,-38.3488408,145.2061518,1042,7,1042,8,1013,6,850000,2,100.0,60.0,0,0,0,0,0,4,27,36,3,3,2,10,2,50,OUTER GROWTH
Dingley Village,3172,Kingston,-37.9709927,145.1485377,831,1,943,2,900,2,843000,2.8,410.21,91.8,5,5,0,37,59,4,41,60,3,3,2,10,2,50,OUTER GROWTH
Eaglemont,3084,Banyule,-37.7634944,145.0694197,791,1,902,1,886,1,944000,-2,252.91,60.0,0,0,0,0,0,4,50,75,3,3,2,10,2,50,INNER METRO
East Melbourne,3002,Melbourne,-37.818389,144.9894441,962,3,773,1,1143,10,1380000,-2.51,457.97,60.0,0,0,0,24,89,4,100,99,3,3,2,10,2,50,INNER METRO
Glen Iris,3146,Boroondara,-37.8584095,145.0758766,1097,10,1068,9,1156,10,2600000,-2.4,241.83,60.0,0,0,0,23,78,4,70,69,3,3,2,10,2,50,INNER METRO
Hampton East,3188,Bayside,-37.9279439,145.0090242,1090,10,1093,10,1138,10,2425000,5,243.49,60.0,0,0,0,56,73,4,50,57,3,3,2,10,2,50,BAYSIDE
Heatherton,3202,Kingston,-37.9654328,145.0970029,1043,7,999,5,1047,8,1117000,-3.1,253.59,91.0,2,1,1,41,55,4,34,46,3,3,2,10,2,50,OUTER GROWTH
Heathmont,3135,Maroondah,-37.8359978,145.2454531,1063,8,1054,8,1084,8,1300000,4.0,235.08,60.0,0,0,0,17,68,4,39,73,3,3,2,10,2,50,OUTER GROWTH
Hillside,3037,Melton,-37.6834968,144.7455173,1034,7,1079,9,1000,6,867000,0,100.0,60.0,0,0,0,0,0,4,35,30,3,3,2,10,2,50,OUTER GROWTH
Hmas Cerberus,3920,Mornington Peninsula,-38.3687875,144.7712835,1023,6,1024,6,994,6,1375000,-8.33,187.39,60.0,0,0,0,80,7,4,26,16,3,3,2,10,2,50,OUTER GROWTH
Houghton,3137,Maroondah,-37.7951151,145.2879338,1075,9,1078,9,1127,9,1122500,0,241.83,60.0,0,0,0,11,79,4,54,66,3,3,2,10,2,50,HILLS & RANGES
MacLeod,3085,Banyule,-37.7219248,145.0751764,1046,7,1019,7,1041,7,875500,-4,252.91,60.0,0,0,0,0,0,4,47,70,3,3,2,10,2,50,OUTER GROWTH
Merrifield,3060,Hume,-37.665113,144.955677,791,1,902,1,886,1,560000,-7,100.0,60.0,0,0,0,0,0,4,42,36,3,3,2,10,2,50,OUTER GROWTH
Mildura,3500,Mildura,-34.1850000,142.1583333,950,3,950,3,950,3,375000,-1,100.0,60.0,0,0,0,0,0,4,50,50,3,3,2,10,2,50,OUTER GROWTH
Montmorency,3094,Banyule,-37.7119248,145.1251764,1046,7,1019,7,1041,7,875500,-4,252.91,60.0,0,0,0,0,0,4,47,70,3,3,2,10,2,50,OUTER GROWTH
Newport,3015,Hobsons Bay,-37.8410243,144.8795973,1051,8,1002,5,1107,9,1025000,-7,274.49,60.0,0,0,0,0,0,4,42,72,3,3,2,10,2,50,BAYSIDE
Notting Hill,3168,Monash,-37.9074873,145.1458766,1067,9,1051,8,1097,9,1430000,-4.2,288.06,60.0,0,0,0,0,0,4,47,60,3,3,2,10,2,50,OUTER GROWTH
Officer South,3809,Cardinia,-38.0775378,145.4168162,1049,8,1082,9,996,6,729900,0,306.42,90.0,21,14,5,46,49,4,29,53,3,3,2,10,2,50,HILLS & RANGES
Park Orchards,3114,Manningham,-37.7680476,145.2179338,1047,7,1037,7,1061,8,1318000,-2.37,147.03,60.0,0,0,0,10,83,4,42,79,3,3,2,10,2,50,OUTER GROWTH
Rippleside,3215,Greater Geelong,-38.1378022,144.5599169,1082,9,983,4,1144,10,915000,-3,186.09,60.0,0,0,0,50,75,4,61,76,3,3,2,10,2,50,OUTER GROWTH
